"text_id		",domain,original_text
P1,Politics,"The Social Contract and Legitimacy At the heart of modern political theory lies the concept of the social contract, a philosophical framework exploring the origins of society and the legitimacy of the state. This theory posits that individuals implicitly agree to surrender some of their freedoms and submit to the authority of a ruler or a magistrate in exchange for protection of their remaining rights and the maintenance of social order. Whether interpreted through the lens of Hobbes, who viewed it as a necessary defense against the chaos of the ""state of nature,"" or Rousseau, who saw it as a path to collective freedom through the ""general will,"" the social contract remains a foundational tool for understanding why citizens consent to be governed and the moral obligations of the state to its people."
P2,Politics,"The Separation of Powers A critical safeguard in democratic governance is the separation of powers, a system designed to prevent the concentration of authority in a single entity. By dividing government responsibilities into distinct branches—typically the legislative, executive, and judicial—this structure ensures that no single group acts with unchecked power. This system relies heavily on ""checks and balances,"" where each branch has the authority to limit the powers of the others, such as a judiciary declaring a law unconstitutional or a legislature impeaching an executive. This friction is intentional; it forces negotiation and compromise, theoretically resulting in more moderate and broadly supported policies."
P3,Politics,"Soft Power in International Relations In the complex arena of international relations, influence is not solely defined by military might or economic sanctions, known as ""hard power."" Increasingly, nations rely on ""soft power""—the ability to shape the preferences of others through appeal and attraction rather than coercion. This form of power stems from a country's culture, political values, and foreign policies. When a nation's culture is seen as universal, its values as admirable, and its policies as legitimate, it gains the ability to build alliances and set global agendas more effectively. Soft power suggests that winning hearts and minds can be just as crucial as winning wars in securing long-term geopolitical stability."
P4,Politics,"The Role of Public Policy Politics translates into reality through public policy, the dynamic process by which governments address public issues. It is not merely the passage of laws but a continuous cycle of agenda setting, formulation, adoption, implementation, and evaluation. Effective policy requires navigating the competing interests of stakeholders, including lobbyists, civil society groups, and the electorate, while managing limited resources. The success of a policy is often measured not just by its intent but by its outcomes—how effectively it solves the problem it was designed to address and whether it does so equitably and efficiently."
P5,Politics,"Civic Engagement and Participatory Democracy The health of a political system is often gauged by the level of civic engagement among its populace. Beyond the act of voting, participatory democracy involves active citizen involvement in the decision-making processes that affect their lives. This can take many forms, from attending town hall meetings and participating in public consultations to engaging in grassroots activism and community organizing. High levels of civic engagement foster a sense of ownership and responsibility among citizens, ensuring that the government remains responsive to the needs of the community and that the democratic process remains vibrant and inclusive."
S1,Sports,"The Evolution of Athletic Training Modern athletic training has transcended simple physical conditioning to become a highly scientific discipline. Today’s elite athletes rely on ""periodization""—breaking down their training into distinct cycles of macro, meso, and micro-cycles to peak at the exact right moment for competition. Technology plays a massive role here; wearable sensors now track everything from heart rate variability to sleep quality and acceleration loads. This data allows coaches to precisely manage an athlete's workload, preventing overtraining injuries while maximizing physiological adaptations. Recovery has also become as important as the workout itself, with cryotherapy, hyperbaric oxygen chambers, and pneumatic compression devices becoming standard tools in a professional's arsenal."
S2,Sports,"The Psychology of the ""Clutch"" Moment Sports psychology focuses intensely on what separates good athletes from great ones: the ability to perform under extreme pressure. This mental toughness is often described as being in ""the zone"" or a ""flow state,"" where an athlete acts largely on instinct, free from hesitation or self-doubt. Psychologists work with athletes to develop routines that trigger this state, using visualization techniques to mentally rehearse success before it happens. They also teach cognitive reframing to help players view anxiety not as fear, but as excitement—a physiological signal that their body is ready to perform. Mastering this mental game is often the deciding factor in high-stakes penalty shootouts or buzzer-beating shots."
S3,Sports,"The Data Revolution and Analytics The era of ""gut feeling"" management has largely given way to the age of advanced analytics. Teams across all major sports now employ data scientists to find inefficiencies in the game. In basketball, this led to the ""three-point revolution,"" where mathematical probability dictated that shooting more from deep was more efficient than mid-range jumpers. In baseball, ""sabermetrics"" changed how players are valued, prioritizing on-base percentage over traditional batting averages. This data-driven approach extends to in-game decision-making as well, guiding coaches on when to go for it on fourth down in football or when to substitute a pitcher, turning coaching into a game of probability management."
S4,Sports,"Sports as a Unifying Global Language Few things bridge cultural and linguistic divides as effectively as sports. Major international events like the Olympics or the FIFA World Cup serve as a form of ""soft power,"" allowing nations to project their identity and values on a global stage while simultaneously fostering diplomatic dialogue. On a community level, sports provide a shared fabric of identity; a local team often becomes a proxy for civic pride. The rules of a game provide a universal framework where strangers can interact with immediate understanding and mutual respect, creating a unique social glue that binds disparate groups together through shared triumph and collective heartbreak."
S5,Sports,"Strategic Complexity and Game Theory At the highest level, team sports are essentially played out as complex games of chess with living pieces. Coaches must balance rigid structure with creative freedom. For instance, in soccer (football), the evolution of formation strategies—from the W-M formation of the 1920s to the fluid ""Total Football"" of the 1970s and modern high-pressing systems—demonstrates a constant tactical arms race. These systems require players to have high spatial awareness, understanding not just their position but how their movement creates space for teammates. This tactical depth transforms a chaotic physical contest into an intellectual battle for spatial dominance."
M1,Music,"The Mathematics of Harmony At its core, music is a physical manifestation of mathematics. The relationship between pitches is defined by frequency ratios; a perfect octave, for example, is a 2:1 ratio, while a perfect fifth is 3:2. Western music theory organizes these relationships into the Circle of Fifths, a geometric representation of the 12 chromatic pitches. This tool allows composers to navigate key changes and understand harmonic progression. By moving clockwise, you add sharps to the key signature; moving counter-clockwise adds flats. This structure is not arbitrary but is based on the physics of sound waves and how the human ear perceives consonance and dissonance."
M2,Music,"The Psychology of Rhythm and Entrainment Rhythm has a profound effect on the human brain, capable of inducing a state known as ""entrainment."" This occurs when the body's internal rhythms—such as heart rate and brain waves—synchronize with external musical beats. This is why upbeat, fast-tempo music is often used for exercise; it naturally encourages a faster pace and higher energy output. Conversely, slower tempos with specific rhythmic structures can lower cortisol levels and induce relaxation. This connection is deeply rooted in our evolutionary history, where communal drumming and rhythmic movement served as vital tools for social bonding and communication before complex language developed."
M3,Music,"The Evolution of Synthesis The introduction of the synthesizer revolutionized modern music by detaching sound generation from physical acoustics. Early analog synthesizers used voltage-controlled oscillators to generate waveforms like sine, square, and sawtooth waves. By manipulating these waves with filters (subtractive synthesis) or combining them (additive synthesis), musicians could create entirely new timbres that no physical instrument could produce. Today, digital synthesis methods like Frequency Modulation (FM) and wavetable synthesis allow for even more complex sound design, enabling the ""futuristic"" textures found in genres ranging from 80s pop to modern EDM and film scores."
M4,Music,"The Role of Dynamics and Timbre While melody and rhythm often get the most attention, the emotional impact of a piece is heavily reliant on dynamics and timbre. Dynamics refer to the variation in loudness between notes or phrases, adding drama and intensity; a sudden fortissimo (very loud) crash after a pianissimo (very soft) passage creates a visceral shock. Timbre, or ""tone color,"" is what distinguishes a violin from a flute playing the exact same note. It is determined by the harmonic content of the sound—the specific blend of overtones that accompanies the fundamental frequency. Mastery of timbre allows composers to ""paint"" with sound, creating warm, cold, bright, or dark atmospheres"
M5,Music,"The Shift to Streaming Economics The music industry has undergone a seismic shift from physical sales to the access model of streaming. In the past, revenue was generated by the unit sale of albums or singles. Today, the ""value gap"" is a major topic of debate, as revenue is calculated based on pro-rata market share of streams. This has changed how music is written; songs are often shorter to encourage repeat plays, and ""hooks"" (catchy choruses) are introduced much earlier in the track to prevent listeners from skipping within the first 30 seconds—the threshold often required for a stream to count toward royalties."
F1,Finance,"The Power of Compound Interest Often called the ""eighth wonder of the world,"" compound interest is the principle that allows wealth to grow exponentially rather than linearly. Unlike simple interest, which is calculated only on the principal amount, compound interest is calculated on the principal plus the accumulated interest from previous periods. This creates a snowball effect: over time, the interest itself earns interest. For long-term investors, time is a more critical asset than the initial capital; starting to save a small amount in one's 20s can often yield a larger retirement fund than saving a large amount starting in one's 40s, simply due to the compounding cycles."
F2,Finance,"Technical Analysis and Market Sentiment Traders often use technical analysis to predict future price movements based on historical data. A primary tool for this is the candlestick chart, which provides more information than a simple line graph. Each ""candle"" displays the high, low, open, and close prices for a specific time period. The ""body"" shows the difference between open and close, while the ""wicks"" show the extreme highs and lows. Patterns in these charts, such as ""doji"" or ""hammer"" formations, act as visual representations of market psychology, indicating whether buyers (bulls) or sellers (bears) are currently in control of the momentum."
F3,Finance,"Diversification and Risk Management The adage ""don't put all your eggs in one basket"" is the cornerstone of modern portfolio theory. Diversification involves spreading investments across various asset classes—such as stocks, bonds, real estate, and commodities—to reduce exposure to any single risk. The goal is to maximize returns for a given level of risk. When one asset class underperforms (e.g., stocks crash), another might hold steady or rise (e.g., bonds or gold), smoothing out the overall volatility of the portfolio. This strategy acknowledges that market timing is nearly impossible and that mitigating downside risk is as important as chasing upside potential."
F4,Finance,"The Mechanics of Inflation Inflation represents the rate at which the general level of prices for goods and services is rising, and, subsequently, how purchasing power is falling. Central banks, like the Federal Reserve, attempt to manage this through monetary policy, primarily by adjusting interest rates. When inflation is high, banks raise rates to cool down the economy by making borrowing more expensive; when it is low, they cut rates to stimulate spending. Understanding inflation is crucial for financial planning because if an investment portfolio's return does not outpace the inflation rate, the investor is effectively losing real wealth over time, even if the nominal value of their account is increasing."
F5,Finance,"The Role of liquidity In financial markets, liquidity refers to the efficiency or ease with which an asset or security can be converted into ready cash without affecting its market price. Cash is the most liquid asset, while tangible items like real estate or fine art are illiquid because selling them takes time and effort. High liquidity in a market (like the forex or major stock markets) means tight spreads between the bid and ask prices, allowing for easy entry and exit. During financial crises, liquidity can ""dry up,"" causing panic as investors find themselves unable to sell assets to raise cash without accepting a steep discount."
